{"_wandb":{"runtime":691},"_runtime":1.8231316039999999,"_step":0,"model/params":7119153,"_timestamp":1.7704035023041563e+09}