{"model/params":7119153,"_timestamp":1.7703988863577929e+09,"_runtime":1.4434525329999999,"_step":0,"_wandb":{"runtime":607}}