{"_runtime":2.156668728,"_step":0,"_wandb":{"runtime":468},"model/params":7119153,"_timestamp":1.7703980697140038e+09}