{"_step":0,"model/params":7119153,"_wandb":{"runtime":548},"_timestamp":1.77040452987745e+09,"_runtime":1.5230063870000001}